{"cameraMode":{"drawMode":0,"name":"Shaded","section":"Shading Mode"},"sceneLighting":true,"audioPlay":false,"sceneViewState":{"m_AlwaysRefresh":false,"showFog":true,"showSkybox":true,"showFlares":true,"showImageEffects":true,"showParticleSystems":true,"showVisualEffectGraphs":true,"m_FxEnabled":true},"in2DMode":false,"pivot":{"x":-0.45711278915405276,"y":-0.000016689300537109375,"z":3.3660764694213869},"rotation":{"x":0.25173622369766238,"y":0.041223376989364627,"z":-0.010732391849160195,"w":0.9668607115745544},"size":13.022601127624512,"orthographic":false}